{
  "accuracy": 0.97,
  "dataset": "Data2",
  "f1": 0.9777777777777777,
  "fn": 1,
  "fp": 5,
  "model_name": "HistGradientBoosting",
  "precision": 0.9635036496350365,
  "recall": 0.9924812030075187,
  "roc_auc": 0.988441252384693,
  "test_rows": 200,
  "threshold": 0.15,
  "tn": 62,
  "tp": 132
}