{
  "accuracy": 0.9914529914529915,
  "f1": 0.9895833333333334,
  "fn": 0,
  "fp": 2,
  "precision": 0.979381443298969,
  "recall": 1.0,
  "roc_auc": 0.9997728133282847,
  "threshold": 0.1,
  "tn": 137,
  "tp": 95
}