{
  "artifacts": {
    "deployment_model": "models/final_model_data1.pkl",
    "holdout_metrics": "reports/final_test_metrics_data1.json",
    "holdout_model": "models/final_holdout_model_data1.pkl",
    "metadata": "models/model_metadata_data1.json",
    "threshold_analysis": "reports/threshold_analysis_data1_model.csv"
  },
  "best_params": {
    "model__l2_regularization": 0.0,
    "model__learning_rate": 0.06,
    "model__max_iter": 200,
    "model__max_leaf_nodes": 15,
    "model__min_samples_leaf": 10
  },
  "cv_metrics_from_model_comparison": {
    "accuracy_mean": 0.9871657754010694,
    "f1_mean": 0.9843426661206168,
    "precision_mean": 0.979569264069264,
    "recall_mean": 0.98940350877193,
    "roc_auc_mean": 0.9987182483235116
  },
  "cv_splits": 5,
  "dataset": "Data1",
  "feature_names": [
    "age",
    "systolic_bp",
    "diastolic_bp",
    "blood_sugar",
    "body_temp_f",
    "bmi",
    "previous_complications",
    "preexisting_diabetes",
    "gestational_diabetes",
    "mental_health",
    "heart_rate"
  ],
  "holdout_metrics_at_selected_threshold": {
    "accuracy": 0.9914529914529915,
    "f1": 0.9895833333333334,
    "fn": 0,
    "fp": 2,
    "precision": 0.979381443298969,
    "recall": 1.0,
    "roc_auc": 0.9997728133282847,
    "threshold": 0.1,
    "tn": 137,
    "tp": 95
  },
  "holdout_test_pregnancy_ids": [
    635,
    943,
    597,
    634,
    777,
    748,
    542,
    1101,
    978,
    1037,
    759,
    564,
    343,
    103,
    345,
    424,
    738,
    346,
    865,
    858,
    1085,
    680,
    607,
    938,
    147,
    942,
    632,
    573,
    64,
    200,
    982,
    984,
    285,
    135,
    288,
    880,
    520,
    923,
    1157,
    707,
    318,
    725,
    870,
    1054,
    442,
    289,
    627,
    417,
    1004,
    74,
    267,
    380,
    334,
    651,
    666,
    1082,
    371,
    1113,
    1044,
    372,
    747,
    398,
    999,
    893,
    583,
    168,
    633,
    330,
    955,
    1062,
    437,
    628,
    1148,
    108,
    316,
    750,
    405,
    174,
    39,
    231,
    833,
    320,
    641,
    1,
    1002,
    688,
    911,
    329,
    745,
    631,
    740,
    669,
    660,
    509,
    134,
    794,
    914,
    1097,
    894,
    132,
    682,
    181,
    27,
    701,
    1169,
    120,
    444,
    216,
    979,
    1065,
    6,
    1081,
    399,
    21,
    779,
    863,
    1038,
    1133,
    497,
    786,
    468,
    1009,
    26,
    772,
    668,
    224,
    141,
    1137,
    990,
    472,
    1061,
    188,
    585,
    576,
    514,
    877,
    541,
    527,
    652,
    526,
    31,
    164,
    295,
    44,
    402,
    1070,
    18,
    250,
    746,
    741,
    1043,
    690,
    904,
    235,
    1159,
    843,
    144,
    227,
    19,
    1047,
    228,
    209,
    263,
    335,
    99,
    555,
    290,
    846,
    91,
    796,
    805,
    961,
    913,
    152,
    647,
    43,
    84,
    1108,
    547,
    123,
    259,
    650,
    88,
    556,
    749,
    187,
    778,
    369,
    675,
    359,
    676,
    800,
    903,
    867,
    924,
    534,
    172,
    1007,
    257,
    234,
    731,
    220,
    214,
    299,
    1075,
    154,
    538,
    838,
    381,
    81,
    932,
    771,
    751,
    962,
    34,
    929,
    848,
    1011,
    536,
    466,
    1031,
    1034,
    510,
    985,
    898,
    958,
    587,
    167,
    370,
    122,
    49,
    474,
    459,
    3
  ],
  "limitations": [
    "Predictions are statistical risk estimates, not medical diagnoses.",
    "Data1 has unusually strong historical performance and should be treated cautiously because leakage or target-generation effects may be present.",
    "Data1 and Data2 are not row-merged because they do not share patient or pregnancy identifiers.",
    "Real-world performance depends on input data quality and population similarity."
  ],
  "model_name": "HistGradientBoosting",
  "model_purpose": "Predict whether a pregnancy is likely to be classified as high-risk.",
  "not_a_medical_device": true,
  "project": "High-Risk Pregnancy Prediction Using Maternal and Clinical Data",
  "random_state": 42,
  "selected_threshold": 0.1,
  "selection_rule": "Select the tuned Data1 model by cross-validated recall, then use F1 and ROC-AUC as tie-breakers. Select threshold from Data1 training out-of-fold predictions.",
  "target_name": "risk",
  "test_size": 0.2,
  "variant": "tuned"
}